{
	"credit": "Made with Blockbench",
	"parent": "brown_candle",
	"textures": {
		"0": "block/lantern_off",
		"particle": "block/lantern_off"
	},
	"elements": [
		{
			"from": [-1.5, 9, 11.35],
			"to": [1.5, 11, 11.35],
			"rotation": {"angle": 45, "axis": "y", "origin": [0, 0, 0]},
			"faces": {
				"north": {"uv": [11, 1, 14, 3], "texture": "#0"},
				"east": {"uv": [11, 1, 14, 3], "texture": "#0"},
				"south": {"uv": [11, 1, 14, 3], "texture": "#0"},
				"west": {"uv": [11, 1, 14, 3], "texture": "#0"},
				"up": {"uv": [0, 0, 3, 0], "texture": "#missing"},
				"down": {"uv": [0, 0, 3, 0], "texture": "#missing"}
			}
		},
		{
			"from": [5, 0, 5],
			"to": [11, 7, 11],
			"faces": {
				"north": {"uv": [0, 2, 6, 9], "texture": "#0"},
				"east": {"uv": [0, 2, 6, 9], "texture": "#0"},
				"south": {"uv": [0, 2, 6, 9], "texture": "#0"},
				"west": {"uv": [0, 2, 6, 9], "texture": "#0"},
				"up": {"uv": [0, 9, 6, 15], "texture": "#0"},
				"down": {"uv": [0, 9, 6, 15], "texture": "#0"}
			}
		},
		{
			"from": [6, 7, 6],
			"to": [10, 9, 10],
			"faces": {
				"north": {"uv": [1, 0, 5, 2], "texture": "#0"},
				"east": {"uv": [1, 0, 5, 2], "texture": "#0"},
				"south": {"uv": [1, 0, 5, 2], "texture": "#0"},
				"west": {"uv": [1, 0, 5, 2], "texture": "#0"},
				"up": {"uv": [1, 10, 5, 14], "texture": "#0"},
				"down": {"uv": [0, 0, 4, 4], "texture": "#missing"}
			}
		},
		{
			"from": [9.8, 9, -0.05],
			"to": [12.8, 11, -0.05],
			"rotation": {"angle": -45, "axis": "y", "origin": [0, 0, 0]},
			"faces": {
				"north": {"uv": [11, 1, 14, 3], "texture": "#0"},
				"east": {"uv": [11, 1, 14, 3], "texture": "#0"},
				"south": {"uv": [11, 1, 14, 3], "texture": "#0"},
				"west": {"uv": [11, 1, 14, 3], "texture": "#0"},
				"up": {"uv": [0, 0, 3, 0], "texture": "#missing"},
				"down": {"uv": [0, 0, 3, 0], "texture": "#missing"}
			}
		}
	],
	"groups": [
		{
			"name": "group",
			"origin": [0, 0, 0],
			"color": 0,
			"children": [0, 1, 2, 3]
		}
	]
}